-- phpMyAdmin SQL Dump
-- version 4.7.0
-- https://www.phpmyadmin.net/
--
-- Host: 127.0.0.1
-- Generation Time: Aug 17, 2017 at 01:22 PM
-- Server version: 10.1.25-MariaDB
-- PHP Version: 7.1.7

SET SQL_MODE = "NO_AUTO_VALUE_ON_ZERO";
SET AUTOCOMMIT = 0;
START TRANSACTION;
SET time_zone = "+00:00";


/*!40101 SET @OLD_CHARACTER_SET_CLIENT=@@CHARACTER_SET_CLIENT */;
/*!40101 SET @OLD_CHARACTER_SET_RESULTS=@@CHARACTER_SET_RESULTS */;
/*!40101 SET @OLD_COLLATION_CONNECTION=@@COLLATION_CONNECTION */;
/*!40101 SET NAMES utf8mb4 */;

--
-- Database: `rfsa`
--

-- --------------------------------------------------------

--
-- Table structure for table `forecast_uses_actual`
--

CREATE TABLE `forecast_uses_actual` (
  `ACTUAL_ID` varchar(20) NOT NULL,
  `FORECAST_ID` varchar(20) NOT NULL
) ENGINE=InnoDB DEFAULT CHARSET=utf8;

-- --------------------------------------------------------

--
-- Table structure for table `group_segment_master`
--

CREATE TABLE `group_segment_master` (
  `GRP_SEG_ID` varchar(25) NOT NULL,
  `GRP_SEG_NAME` varchar(45) DEFAULT NULL
) ENGINE=InnoDB DEFAULT CHARSET=utf8;

--
-- Dumping data for table `group_segment_master`
--

INSERT INTO `group_segment_master` (`GRP_SEG_ID`, `GRP_SEG_NAME`) VALUES
('CON/ASSOC', 'CONVENTION/ASSOCIATION'),
('CORPM', 'CORPORATE MEETINGS'),
('GOV/NGO', 'GOVERNMENT/NGO'),
('GRPO', 'GROUP OTHERS'),
('GRPT', 'GROUP TOURS');

-- --------------------------------------------------------

--
-- Table structure for table `individual_segment_master`
--

CREATE TABLE `individual_segment_master` (
  `IND_SEG_ID` varchar(25) NOT NULL,
  `IND_SEG_NAME` varchar(45) DEFAULT NULL
) ENGINE=InnoDB DEFAULT CHARSET=utf8;

--
-- Dumping data for table `individual_segment_master`
--

INSERT INTO `individual_segment_master` (`IND_SEG_ID`, `IND_SEG_NAME`) VALUES
('CORP', 'CORPORATE'),
('CORPO', 'CORPORATE OTHERS'),
('INDO', 'INDIVIDUAL OTHERS'),
('INDR', 'INDUSTRY RATE'),
('PKG/PRM', 'PACKAGES/PROMO'),
('QD', 'QUALIFIED DISCOUNT'),
('RCK', 'RACK'),
('WSOF', 'WHOLESALE OFFLINE'),
('WSOL', 'WHOLESALE ONLINE');

-- --------------------------------------------------------

--
-- Table structure for table `room_actual`
--

CREATE TABLE `room_actual` (
  `ACTUAL_ID` varchar(20) NOT NULL,
  `SEG_ID` varchar(25) NOT NULL,
  `DATE` date DEFAULT NULL,
  `BUDGET_RNS` double DEFAULT NULL,
  `BUDGET_ARR` double DEFAULT NULL,
  `BUDGET_REVENUE` double DEFAULT NULL,
  `ACTUAL_RNS` double DEFAULT NULL,
  `ACTUAL_ARR` double DEFAULT NULL,
  `ACTUAL_REVENUE` double DEFAULT NULL
) ENGINE=InnoDB DEFAULT CHARSET=utf8;

--
-- Dumping data for table `room_actual`
--

INSERT INTO `room_actual` (`ACTUAL_ID`, `SEG_ID`, `DATE`, `BUDGET_RNS`, `BUDGET_ARR`, `BUDGET_REVENUE`, `ACTUAL_RNS`, `ACTUAL_ARR`, `ACTUAL_REVENUE`) VALUES
('APR16', 'CON/ASSOC', '2016-04-30', 600, 3800, 2280, 2153, 4379, 9427),
('APR16', 'CORP', '2016-04-30', 200, 4100, 820, 258, 3586, 925),
('APR16', 'CORPM', '2016-04-30', 1250, 4300, 5375, 524, 3874, 2030),
('APR16', 'CORPO', '2016-04-30', 350, 4200, 1470, 120, 4165, 500),
('APR16', 'GOV/NGO', '2016-04-30', 275, 4800, 1320, 162, 4083, 661),
('APR16', 'GRPO', '2016-04-30', 100, 5300, 530, NULL, NULL, NULL),
('APR16', 'GRPT', '2016-04-30', 50, 3200, 160, 22, 2687, 59),
('APR16', 'INDO', '2016-04-30', 50, 5200, 260, 239, 5349, 1278),
('APR16', 'INDR', '2016-04-30', 3, 2500, 8, NULL, NULL, NULL),
('APR16', 'PKG/PRM', '2016-04-30', 400, 4400, 1760, 323, 4996, 1614),
('APR16', 'RCK', '2016-04-30', 900, 6200, 5580, 734, 6209, 4557),
('APR16', 'WSOF', '2016-04-30', 80, 3900, 312, 36, 4321, 156),
('APR16', 'WSOL', '2016-04-30', 700, 4400, 3080, 302, 4758, 1437),
('AUG16', 'CON/ASSOC', '2016-08-31', 100, 3700, 370, 127, 4323, 549),
('AUG16', 'CORP', '2016-08-31', 150, 4200, 630, 431, 3811, 1643),
('AUG16', 'CORPM', '2016-08-31', 1000, 4100, 4100, 761, 3656, 2782),
('AUG16', 'CORPO', '2016-08-31', 200, 3700, 740, 197, 3894, 767),
('AUG16', 'GOV/NGO', '2016-08-31', 400, 4000, 1600, 399, 3944, 1574),
('AUG16', 'GRPO', '2016-08-31', 50, 5000, 250, NULL, NULL, NULL),
('AUG16', 'GRPT', '2016-08-31', 200, 3000, 600, 93, 2750, 256),
('AUG16', 'INDO', '2016-08-31', 30, 5000, 150, 56, 4647, 260),
('AUG16', 'INDR', '2016-08-31', 10, 2300, 23, NULL, NULL, NULL),
('AUG16', 'PKG/PRM', '2016-08-31', 700, 3800, 2660, 283, 4514, 1277),
('AUG16', 'RCK', '2016-08-31', 800, 5500, 4400, 1003, 5470, 5487),
('AUG16', 'WSOF', '2016-08-31', 90, 4400, 396, 49, 3739, 183),
('AUG16', 'WSOL', '2016-08-31', 500, 4000, 200, 427, 3891, 1662),
('DEC16', 'CON/ASSOC', '2016-12-31', 100, 4000, 400, NULL, NULL, NULL),
('DEC16', 'CORP', '2016-12-31', 100, 4200, 420, 294, 3518, 1034),
('DEC16', 'CORPM', '2016-12-31', 850, 4000, 3400, 282, 4422, 1247),
('DEC16', 'CORPO', '2016-12-31', 200, 4000, 800, 111, 3523, 391),
('DEC16', 'GOV/NGO', '2016-12-31', 150, 3800, 570, 235, 3675, 864),
('DEC16', 'GRPO', '2016-12-31', 245, 4200, 1029, 38, 4185, 159),
('DEC16', 'GRPT', '2016-12-31', 115, 3400, 391, 67, 3752, 251),
('DEC16', 'INDO', '2016-12-31', 500, 5200, 2600, 304, 4855, 1476),
('DEC16', 'INDR', '2016-12-31', 10, 2800, 28, NULL, NULL, NULL),
('DEC16', 'PKG/PRM', '2016-12-31', 1200, 5900, 7080, 479, 6089, 2917),
('DEC16', 'RCK', '2016-12-31', 1100, 6400, 7040, 1268, 5882, 7459),
('DEC16', 'WSOF', '2016-12-31', 100, 3700, 370, 165, 3210, 530),
('DEC16', 'WSOL', '2016-12-31', 950, 5000, 4750, 596, 4938, 2943),
('FEB16', 'CON/ASSOC', '2016-02-28', 450, 3600, 1620, NULL, NULL, NULL),
('FEB16', 'CORP', '2016-02-28', 130, 4000, 520, 362, 3277, 1186),
('FEB16', 'CORPM', '2016-02-28', 1300, 4100, 5330, 1392, 4009, 5581),
('FEB16', 'CORPO', '2016-02-28', 320, 3700, 1184, 158, 3560, 562),
('FEB16', 'GOV/NGO', '2016-02-28', 100, 5500, 550, 136, 3877, 527),
('FEB16', 'GRPO', '2016-02-28', 60, 4200, 252, 58, 4843, 281),
('FEB16', 'GRPT', '2016-02-28', 200, 3100, 620, 215, 3369, 724),
('FEB16', 'INDO', '2016-02-28', 200, 4000, 800, 208, 4046, 846),
('FEB16', 'INDR', '2016-02-28', 5, 2800, 14, NULL, NULL, NULL),
('FEB16', 'PKG/PRM', '2016-02-28', 700, 3600, 2520, 490, 4706, 2306),
('FEB16', 'RCK', '2016-02-28', 635, 6400, 4064, 1186, 5797, 6875),
('FEB16', 'WSOF', '2016-02-28', 250, 3300, 825, 135, 4058, 548),
('FEB16', 'WSOL', '2016-02-28', 500, 4600, 2300, 462, 4622, 2136),
('JAN16', 'CON/ASSOC', '2016-01-31', 300, 4000, 1200, 24, 5253, 126),
('JAN16', 'CORP', '2016-01-31', 200, 4000, 800, 252, 3404, 858),
('JAN16', 'CORPM', '2016-01-31', 1200, 4200, 4800, 1082, 3503, 3791),
('JAN16', 'CORPO', '2016-01-31', 400, 3600, 1440, 179, 3708, 664),
('JAN16', 'GOV/NGO', '2016-01-31', 100, 4000, 400, 344, 4093, 1408),
('JAN16', 'GRPO', '2016-01-31', 60, 4900, 294, 60, 7158, 429),
('JAN16', 'GRPT', '2016-01-31', 200, 3100, 620, 215, 3369, 724),
('JAN16', 'INDO', '2016-01-31', 300, 4000, 1200, 142, 7398, 1050),
('JAN16', 'INDR', '2016-01-31', 5, 2900, 15, NULL, NULL, NULL),
('JAN16', 'PKG/PRM', '2016-01-31', 600, 3600, 2160, 508, 4863, 2471),
('JAN16', 'RCK', '2016-01-31', 1100, 6400, 7040, 1482, 6095, 9033),
('JAN16', 'WSOF', '2016-01-31', 280, 3300, 924, 216, 3551, 767),
('JAN16', 'WSOL', '2016-01-31', 550, 5000, 2750, 553, 4670, 2582),
('JULY16', 'CON/ASSOC', '2016-07-31', 150, 3700, 555, 25, 3092, 77),
('JULY16', 'CORP', '2016-07-31', 150, 4000, 600, 319, 3720, 1187),
('JULY16', 'CORPM', '2016-07-31', 1300, 4100, 5330, 1234, 3992, 4927),
('JULY16', 'CORPO', '2016-07-31', 300, 3600, 1080, 257, 3932, 1011),
('JULY16', 'GOV/NGO', '2016-07-31', 250, 4500, 1125, 127, 3205, 407),
('JULY16', 'GRPO', '2016-07-31', 50, 5300, 265, NULL, NULL, NULL),
('JULY16', 'GRPT', '2016-07-31', 200, 3000, 600, 29, 3500, 101),
('JULY16', 'INDO', '2016-07-31', 50, 5100, 255, 106, 4653, 493),
('JULY16', 'INDR', '2016-07-31', 10, 2300, 23, NULL, NULL, NULL),
('JULY16', 'PKG/PRM', '2016-07-31', 800, 3600, 2880, 322, 4415, 1422),
('JULY16', 'RCK', '2016-07-31', 600, 5900, 3540, 1100, 5333, 5866),
('JULY16', 'WSOF', '2016-07-31', 90, 3600, 324, 47, 4172, 196),
('JULY16', 'WSOL', '2016-07-31', 500, 4250, 2125, 477, 3973, 1895),
('JUNE16', 'CON/ASSOC', '2016-06-30', 150, 3700, 555, 25, 3092, 77),
('JUNE16', 'CORP', '2016-06-30', 130, 4000, 520, 372, 3736, 1390),
('JUNE16', 'CORPM', '2016-06-30', 1300, 4100, 5330, 1234, 3992, 4927),
('JUNE16', 'CORPO', '2016-06-30', 450, 3600, 1620, 800, 3600, 2880),
('JUNE16', 'GOV/NGO', '2016-06-30', 250, 4500, 1125, 127, 3205, 407),
('JUNE16', 'GRPO', '2016-06-30', 50, 5300, 265, NULL, NULL, NULL),
('JUNE16', 'GRPT', '2016-06-30', 200, 3000, 600, 200, 3000, 600),
('JUNE16', 'INDO', '2016-06-30', 130, 5700, 741, 268, 4801, 1287),
('JUNE16', 'INDR', '2016-06-30', 5, 3145, 16, 5, 3200, 16),
('JUNE16', 'PKG/PRM', '2016-06-30', 800, 3600, 2880, 583, 4405, 2568),
('JUNE16', 'RCK', '2016-06-30', 650, 5900, 3835, 791, 5416, 4284),
('JUNE16', 'WSOF', '2016-06-30', 80, 3600, 288, 79, 4226, 334),
('JUNE16', 'WSOL', '2016-06-30', 550, 4250, 2338, 400, 3998, 1599),
('MAR16', 'CON/ASSOC', '2016-03-31', 400, 3500, 1400, 65, 4277, 278),
('MAR16', 'CORP', '2016-03-31', 200, 4200, 840, 249, 3366, 838),
('MAR16', 'CORPM', '2016-03-31', 1100, 4000, 4400, 747, 3605, 2693),
('MAR16', 'CORPO', '2016-03-31', 300, 4250, 1275, 167, 3975, 664),
('MAR16', 'GOV/NGO', '2016-03-31', 250, 5000, 1250, 244, 3837, 936),
('MAR16', 'GRPO', '2016-03-31', 100, 4000, 400, 153, 4591, 702),
('MAR16', 'GRPT', '2016-03-31', 100, 3300, 330, 99, 3886, 385),
('MAR16', 'INDO', '2016-03-31', 100, 5000, 500, 135, 4653, 628),
('MAR16', 'INDR', '2016-03-31', 5, 2800, 14, NULL, NULL, NULL),
('MAR16', 'PKG/PRM', '2016-03-31', 400, 4200, 1680, 570, 4632, 2640),
('MAR16', 'RCK', '2016-03-31', 1100, 6400, 7040, 1268, 5882, 7459),
('MAR16', 'WSOF', '2016-03-31', 100, 3500, 350, 121, 3154, 382),
('MAR16', 'WSOL', '2016-03-31', 800, 4600, 3680, 467, 4585, 2141),
('MAY16', 'CON/ASSOC', '2016-05-31', 750, 3800, 2850, 27, 3534, 95),
('MAY16', 'CORP', '2016-05-31', 250, 4100, 1025, 510, 3704, 1856),
('MAY16', 'CORPM', '2016-05-31', 1150, 4300, 4945, 622, 4255, 2647),
('MAY16', 'CORPO', '2016-05-31', 380, 4200, 1596, 384, 4259, 1636),
('MAY16', 'GOV/NGO', '2016-05-31', 70, 4800, 336, 374, 3753, 140),
('MAY16', 'GRPO', '2016-05-31', 190, 5300, 1007, NULL, NULL, NULL),
('MAY16', 'GRPT', '2016-05-31', 100, 3200, 320, 10, 2685, 27),
('MAY16', 'INDO', '2016-05-31', 150, 5700, 855, 294, 5210, 1532),
('MAY16', 'INDR', '2016-05-31', 5, 2500, 13, NULL, NULL, NULL),
('MAY16', 'PKG/PRM', '2016-05-31', 400, 4400, 1760, 629, 4754, 2990),
('MAY16', 'RCK', '2016-05-31', 1050, 6200, 6510, 798, 6249, 4987),
('MAY16', 'WSOF', '2016-05-31', 60, 3900, 234, 38, 4267, 162),
('MAY16', 'WSOL', '2016-05-31', 700, 4200, 2940, 335, 5076, 1690),
('NOV16', 'CON/ASSOC', '2016-11-30', 600, 4000, 2400, 421, 4000, 1684),
('NOV16', 'CORP', '2016-11-30', 100, 4300, 430, 279, 4161, 1161),
('NOV16', 'CORPM', '2016-11-30', 1150, 4300, 4945, 1127, 3904, 4400),
('NOV16', 'CORPO', '2016-11-30', 200, 3800, 760, 100, 4273, 427),
('NOV16', 'GOV/NGO', '2016-11-30', 750, 4000, 3000, 375, 3768, 1413),
('NOV16', 'GRPO', '2016-11-30', 100, 5000, 500, 19, 5287, 100),
('NOV16', 'GRPT', '2016-11-30', 200, 3300, 660, 186, 4636, 862),
('NOV16', 'INDO', '2016-11-30', 100, 5000, 500, 405, 4064, 1646),
('NOV16', 'INDR', '2016-11-30', 10, 2800, 28, NULL, NULL, NULL),
('NOV16', 'PKG/PRM', '2016-11-30', 500, 3900, 1950, 112, 4510, 505),
('NOV16', 'RCK', '2016-11-30', 900, 5800, 5220, 1161, 5852, 6974),
('NOV16', 'WSOF', '2016-11-30', 100, 3700, 370, 74, 3600, 266),
('NOV16', 'WSOL', '2016-11-30', 750, 4200, 3150, 287, 4424, 1270),
('OCT16', 'CON/ASSOC', '2016-10-31', 400, 3900, 1560, NULL, NULL, NULL),
('OCT16', 'CORP', '2016-10-31', 150, 4200, 630, 512, 3337, 1709),
('OCT16', 'CORPM', '2016-10-31', 1000, 4200, 4200, 650, 3949, 2567),
('OCT16', 'CORPO', '2016-10-31', 200, 3800, 760, 164, 3904, 640),
('OCT16', 'GOV/NGO', '2016-10-31', 400, 4000, 1600, 189, 3688, 697),
('OCT16', 'GRPO', '2016-10-31', 60, 5000, 300, 187, 3771, 705),
('OCT16', 'GRPT', '2016-10-31', 270, 3300, 891, 213, 3908, 832),
('OCT16', 'INDO', '2016-10-31', 70, 5000, 350, 239, 4372, 1045),
('OCT16', 'INDR', '2016-10-31', 10, 2800, 28, NULL, NULL, NULL),
('OCT16', 'PKG/PRM', '2016-10-31', 700, 3800, 2660, 195, 4850, 946),
('OCT16', 'RCK', '2016-10-31', 700, 5600, 3920, 1440, 5703, 8212),
('OCT16', 'WSOF', '2016-10-31', 100, 3600, 360, 56, 4169, 233),
('OCT16', 'WSOL', '2016-10-31', 600, 4000, 2400, 1440, 5703, 8212),
('SEPT16', 'CON/ASSOC', '2016-09-30', 400, 3900, 1560, 60, 3181, 191),
('SEPT16', 'CORP', '2016-09-30', 150, 4200, 6300, 376, 3412, 1283),
('SEPT16', 'CORPM', '2016-09-30', 900, 4100, 3690, 873, 3740, 3265),
('SEPT16', 'CORPO', '2016-09-30', 200, 3700, 740, 141, 4008, 656),
('SEPT16', 'GOV/NGO', '2016-09-30', 300, 4000, 1200, 252, 3482, 877),
('SEPT16', 'GRPO', '2016-09-30', 60, 5000, 300, 80, 3239, 259),
('SEPT16', 'GRPT', '2016-09-30', 200, 3300, 660, 85, 4384, 373),
('SEPT16', 'INDO', '2016-09-30', 80, 5000, 400, 105, 4368, 459),
('SEPT16', 'INDR', '2016-09-30', 10, 2800, 28, NULL, NULL, NULL),
('SEPT16', 'PKG/PRM', '2016-09-30', 500, 3800, 1900, 267, 4227, 1129),
('SEPT16', 'RCK', '2016-09-30', 600, 5500, 3300, 1223, 5169, 6321),
('SEPT16', 'WSOF', '2016-09-30', 500, 3600, 180, 45, 3329, 150),
('SEPT16', 'WSOL', '2016-09-30', 500, 4000, 2000, 500, 4025, 2012);

-- --------------------------------------------------------

--
-- Table structure for table `room_forecast`
--

CREATE TABLE `room_forecast` (
  `FORECAST_ID` varchar(20) NOT NULL,
  `SEG_ID` varchar(25) NOT NULL,
  `DATE` date NOT NULL,
  `FORECAST_RNS` double NOT NULL,
  `FORECAST_ARR` double NOT NULL,
  `FORECAST_REVENUE` double NOT NULL
) ENGINE=InnoDB DEFAULT CHARSET=utf8;

-- --------------------------------------------------------

--
-- Table structure for table `segmentation_list`
--

CREATE TABLE `segmentation_list` (
  `SEG_ID` varchar(25) NOT NULL,
  `SEG_TYPE` varchar(25) NOT NULL
) ENGINE=InnoDB DEFAULT CHARSET=utf8;

--
-- Dumping data for table `segmentation_list`
--

INSERT INTO `segmentation_list` (`SEG_ID`, `SEG_TYPE`) VALUES
('CON/ASSOC', 'GRP'),
('CORP', 'IND'),
('CORPM', 'GRP'),
('CORPO', 'IND'),
('GOV/NGO', 'GRP'),
('GRPO', 'GRP'),
('GRPT', 'GRP'),
('INDO', 'IND'),
('INDR', 'IND'),
('PKG/PRM', 'IND'),
('QD', 'IND'),
('RCK', 'IND'),
('WSOF', 'IND'),
('WSOL', 'IND');

--
-- Indexes for dumped tables
--

--
-- Indexes for table `forecast_uses_actual`
--
ALTER TABLE `forecast_uses_actual`
  ADD PRIMARY KEY (`ACTUAL_ID`,`FORECAST_ID`),
  ADD KEY `fk_ROOM_ACTUAL_has_ROOM_FORECAST_ROOM_FORECAST1_idx` (`FORECAST_ID`),
  ADD KEY `fk_ROOM_ACTUAL_has_ROOM_FORECAST_ROOM_ACTUAL1_idx` (`ACTUAL_ID`);

--
-- Indexes for table `group_segment_master`
--
ALTER TABLE `group_segment_master`
  ADD PRIMARY KEY (`GRP_SEG_ID`),
  ADD KEY `fk_GROUP_SEGMENT_MASTER_SEGMENTATION_LIST1_idx` (`GRP_SEG_ID`);

--
-- Indexes for table `individual_segment_master`
--
ALTER TABLE `individual_segment_master`
  ADD PRIMARY KEY (`IND_SEG_ID`),
  ADD KEY `fk_INDIVIDUAL_SEGMENT_MASTER_SEGMENTATION_LIST_idx` (`IND_SEG_ID`);

--
-- Indexes for table `room_actual`
--
ALTER TABLE `room_actual`
  ADD PRIMARY KEY (`ACTUAL_ID`,`SEG_ID`),
  ADD KEY `fk_ROOM_ACTUAL_SEGMENTATION_LIST1_idx` (`SEG_ID`);

--
-- Indexes for table `room_forecast`
--
ALTER TABLE `room_forecast`
  ADD PRIMARY KEY (`FORECAST_ID`,`SEG_ID`),
  ADD KEY `fk_ROOM_FORECAST_SEGMENTATION_LIST1_idx` (`SEG_ID`);

--
-- Indexes for table `segmentation_list`
--
ALTER TABLE `segmentation_list`
  ADD PRIMARY KEY (`SEG_ID`);

--
-- Constraints for dumped tables
--

--
-- Constraints for table `forecast_uses_actual`
--
ALTER TABLE `forecast_uses_actual`
  ADD CONSTRAINT `fk_ROOM_ACTUAL_has_ROOM_FORECAST_ROOM_ACTUAL1` FOREIGN KEY (`ACTUAL_ID`) REFERENCES `room_actual` (`ACTUAL_ID`) ON DELETE NO ACTION ON UPDATE NO ACTION,
  ADD CONSTRAINT `fk_ROOM_ACTUAL_has_ROOM_FORECAST_ROOM_FORECAST1` FOREIGN KEY (`FORECAST_ID`) REFERENCES `room_forecast` (`FORECAST_ID`) ON DELETE NO ACTION ON UPDATE NO ACTION;

--
-- Constraints for table `group_segment_master`
--
ALTER TABLE `group_segment_master`
  ADD CONSTRAINT `fk_GROUP_SEGMENT_MASTER_SEGMENTATION_LIST1` FOREIGN KEY (`GRP_SEG_ID`) REFERENCES `segmentation_list` (`SEG_ID`) ON DELETE NO ACTION ON UPDATE NO ACTION;

--
-- Constraints for table `individual_segment_master`
--
ALTER TABLE `individual_segment_master`
  ADD CONSTRAINT `fk_INDIVIDUAL_SEGMENT_MASTER_SEGMENTATION_LIST` FOREIGN KEY (`IND_SEG_ID`) REFERENCES `segmentation_list` (`SEG_ID`) ON DELETE NO ACTION ON UPDATE NO ACTION;

--
-- Constraints for table `room_actual`
--
ALTER TABLE `room_actual`
  ADD CONSTRAINT `fk_ROOM_ACTUAL_SEGMENTATION_LIST1` FOREIGN KEY (`SEG_ID`) REFERENCES `segmentation_list` (`SEG_ID`) ON DELETE NO ACTION ON UPDATE NO ACTION;

--
-- Constraints for table `room_forecast`
--
ALTER TABLE `room_forecast`
  ADD CONSTRAINT `fk_ROOM_FORECAST_SEGMENTATION_LIST1` FOREIGN KEY (`SEG_ID`) REFERENCES `segmentation_list` (`SEG_ID`) ON DELETE NO ACTION ON UPDATE NO ACTION;
COMMIT;

/*!40101 SET CHARACTER_SET_CLIENT=@OLD_CHARACTER_SET_CLIENT */;
/*!40101 SET CHARACTER_SET_RESULTS=@OLD_CHARACTER_SET_RESULTS */;
/*!40101 SET COLLATION_CONNECTION=@OLD_COLLATION_CONNECTION */;
